IMAGE,PRODUCT,DESCRIPTION,CATEGORY,PRICE,STOCK,SIZE,PROPERTY
,AFNAN,AFNAN 9PM,M,50,1,100,EDP
,ANFAR,AMEER ALARAB IMPERIUM,M,35,1,100,EDP
,AQUA DI PARSISS,AQUA DI PARSISS,W,45,1,100,EDP
,ARAMIS,ARAMIS,M,50,5,100,EDT
,AZZARO,THE MOST WANTED (INTENSE),M,80,2,50,EDT
,BENETT,BENNET COLD,M,25,9,100,EDT
,BURBERRY,BRIT FOR HER,W,70,1,100,EDT
,BURBERRY,LONDON,W,70,1,100,EDT
,BURBERRY,LONDON,M,70,2,100,EDT
,CALVIN KLIEN,OBSESSION,M,40,4,75,EDT
,CALVIN KLIEN,OBSESSION,M,50,2,125,EDT
,DAVID OFF,COOL WATER,M,70,1,200,EDT
,DAVID OFF,COOLWATER,M,50,6,125,EDT
,ELIZBETH ARDEN,5TH AV,W,45,1,125,EDP
,ELIZBETH ARDEN,RED DOOR,W,50,1,100,EDT
,GUY LAROCHI,DRAKKAR NOIR,M,40,4,100,EDT
,HUGO B0SS,BOTTLED NIGHT,M,90,1,100,EDT
,HUGO BOSS,IN SELECTION,W,55,1,100,EDT
,HUGO BOSS,BOTTLED TONIC,M,90,1,100,EDT
,JAGUAR,JAGUAR GREEN,M,30,2,100,EDT
,JENIFER LOPAZ,STILL,W,45,1,100,EDT
,JOHAN B,BE SEDUCED,W,45,2,80,EDP
,JOHAN B,BE SEDUCED GIRL,W,50,1,100,EDP
,JPG,JHON PAUL GAULITER,M,110,2,75,EDT
,JPG,MADAME TESTER,W,50,1,100,EDT
,LATTAFA,HAYATTI FLORENCE,W,35,1,100,EDP
,LATTAFA,VELVET OUD,U,35,1,100,EDP
,LATTAFA,ASAD,M,40,1,100,EDP
,LATTAFA,OUD MOOD REMINISCENE,M,35,1,100,EDP
,LATTAFA,FAKHAR,M,40,1,100,EDP
,LOMANI,SPIRIT MILLIONAIRE,W,35,1,100,EDP
,LOMANI,LOMANI,M,20,1,100,EDT
,MASION ALHAMBRA,LA ROUGE BAROQUE,U,40,1,100,EDP
,MONT BLANC,INDIVIDUAL,M,55,1,75,EDT
,NARCISO,NARCISO RUDRIDGE,W,130,1,100,EDT
,NEW BRAND,CANDY CAN CAN,W,25,1,100,EDP
,NEW BRAND,STRONG,M,20,1,100,EDT
,RALPH LAUREN,POLO SPORT,M,55,2,125,EDT
,RASSASSI,HAWAS,M,45,1,100,EDT
,RASSASSI,SHUHRAH,M,45,1,100,EDP
,STERLING,CLUB DE NUIT INTENSE (WOMEN),M,50,2,105,EDP
,TOMMY HILFIGER,TOMMY,M,50,2,100,EDT
,VERSACHE,DREAMER (TESTER PACK),M,40,1,100,EDT
,YZY PERFUME,NELYA AMETHYST,W,25,1,100,EDP